company,ticker,cik,filing_date,event_type,person_name,title,effective_date,earnings_filing_date,earnings_period,earnings_revenue_reported,earnings_eps_diluted,earnings_net_income,days_to_nearest_earnings,days_signed,event_timing
Apple Inc.,AAPL,0000320193,2025-12-05,appointment,Jennifer Newstead,general counsel,"December 4, 2025",2025-10-30,fourth quarter fiscal 2025,102500.0,1.85,27466.0,36,36,after earnings
Apple Inc.,AAPL,0000320193,2025-12-05,departure,Kate Adams,general counsel,"December 4, 2025",2025-10-30,fourth quarter fiscal 2025,102500.0,1.85,27466.0,36,36,after earnings
Apple Inc.,AAPL,0000320193,2026-01-02,appointment,Ben Borders,Principal Accounting Officer,"January 1, 2026",2026-01-29,first quarter fiscal 2026,143800.0,2.84,42097.0,27,-27,before earnings
Apple Inc.,AAPL,0000320193,2026-01-02,departure,Chris Kondo,Principal Accounting Officer,NOT_FOUND,2026-01-29,first quarter fiscal 2026,143800.0,2.84,42097.0,27,-27,before earnings
Apple Inc.,AAPL,0000320193,2026-04-20,appointment,John Ternus,Chief Executive Officer,"September 1, 2026",2026-04-30,second quarter fiscal 2026,111200.0,2.01,29578.0,10,-10,before earnings
Apple Inc.,AAPL,0000320193,2026-04-20,appointment,Art Levinson,Lead Independent Director,"September 1, 2026",2026-04-30,second quarter fiscal 2026,111200.0,2.01,29578.0,10,-10,before earnings
Apple Inc.,AAPL,0000320193,2026-04-20,both,Tim Cook,Chief Executive Officer,"September 1, 2026",2026-04-30,second quarter fiscal 2026,111200.0,2.01,29578.0,10,-10,before earnings
Apple Inc.,AAPL,0000320193,2026-09-01,appointment,John Ternus,CEO,"September 1, 2026",2026-07-30,third quarter fiscal 2026,109400.0,2.02,29789.0,33,33,after earnings
Apple Inc.,AAPL,0000320193,2026-09-01,appointment,Tim Cook,Executive Chair of Apple's Board of Directors,"September 1, 2026",2026-07-30,third quarter fiscal 2026,109400.0,2.02,29789.0,33,33,after earnings
JPMorgan Chase & Co.,JPM,0000019617,2025-12-08,departure,Todd A. Combs,member of the Board of Directors,"December 7, 2025",2026-01-13,fourth quarter 2025,45800.0,4.63,13000.0,36,-36,before earnings
JPMorgan Chase & Co.,JPM,0000019617,2026-01-22,NOT_FOUND,NOT_FOUND,NOT_FOUND,NOT_FOUND,2026-01-13,fourth quarter 2025,45800.0,4.63,13000.0,9,9,after earnings
JPMorgan Chase & Co.,JPM,0000019617,2026-06-25,appointment,Doug Petno,CEO of the CIB,"June 25, 2026",2026-07-14,second quarter 2026,57300.0,7.7,21200.0,19,-19,before earnings
JPMorgan Chase & Co.,JPM,0000019617,2026-06-25,appointment,Troy Rohrbaugh,Co-President,"June 25, 2026",2026-07-14,second quarter 2026,57300.0,7.7,21200.0,19,-19,before earnings
JPMorgan Chase & Co.,JPM,0000019617,2026-06-25,departure,Marianne Lake,CEO of CCB,NOT_FOUND,2026-07-14,second quarter 2026,57300.0,7.7,21200.0,19,-19,before earnings
Microsoft Corporation,MSFT,0000789019,2025-09-30,departure,Carlos A. Rodriguez,member of the Board of Directors,"September 24, 2025",2025-10-29,first quarter fiscal 2026,77700.0,3.72,27700.0,29,-29,before earnings
Microsoft Corporation,MSFT,0000789019,2025-12-08,NOT_FOUND,NOT_FOUND,NOT_FOUND,NOT_FOUND,2025-10-29,first quarter fiscal 2026,77700.0,3.72,27700.0,40,40,after earnings
Microsoft Corporation,MSFT,0000789019,2026-05-14,appointment,Carmine Di Sibio,member of the Board of Directors,"May 13, 2026",2026-04-29,third quarter fiscal 2026,82900.0,4.27,31800.0,15,15,after earnings
Microsoft Corporation,MSFT,0000789019,2026-06-05,departure,Reid Hoffman,member of the Board of Directors,"June 2, 2026",2026-04-29,third quarter fiscal 2026,82900.0,4.27,31800.0,37,37,after earnings
NVIDIA Corporation,NVDA,0001045810,2026-01-23,departure,Persis Drell,member of the Board of Directors,"January 20, 2026",2026-02-25,fourth quarter fiscal 2026,68100.0,1.76,42960.0,33,-33,before earnings
NVIDIA Corporation,NVDA,0001045810,2026-03-06,NOT_FOUND,NOT_FOUND,NOT_FOUND,NOT_FOUND,2026-02-25,fourth quarter fiscal 2026,68100.0,1.76,42960.0,9,9,after earnings
NVIDIA Corporation,NVDA,0001045810,2026-04-27,appointment,Scott Gawel,VP and CAO,"April 26, 2026",2026-05-20,first quarter fiscal 2027,81600.0,2.39,58321.0,23,-23,before earnings
NVIDIA Corporation,NVDA,0001045810,2026-04-27,departure,Donald Robertson,VP and CAO,"May 4, 2026",2026-05-20,first quarter fiscal 2027,81600.0,2.39,58321.0,23,-23,before earnings
NVIDIA Corporation,NVDA,0001045810,2026-05-08,appointment,Suzanne Nora Johnson,member of the Board,"July 13, 2026",2026-05-20,first quarter fiscal 2027,81600.0,2.39,58321.0,12,-12,before earnings
NVIDIA Corporation,NVDA,0001045810,2026-07-02,departure,Ajay K. Puri,"Executive Vice President, Worldwide Field Operations","June 28, 2026",2026-05-20,first quarter fiscal 2027,81600.0,2.39,58321.0,43,43,after earnings
NVIDIA Corporation,NVDA,0001045810,2026-07-02,appointment,Nicholas Parker,"Executive Vice President, Worldwide Field Operations","July 1, 2026",2026-05-20,first quarter fiscal 2027,81600.0,2.39,58321.0,43,43,after earnings
Walmart Inc.,WMT,0000104169,2025-10-22,appointment,Dwayne Milum,Senior Vice President and Controller,"February 1, 2026",2025-11-20,"third quarter, quarter ended October 31, 2025",179500.0,0.77,6143.0,29,-29,before earnings
Walmart Inc.,WMT,0000104169,2025-11-14,departure,Douglas McMillon,president and chief executive officer,"November 11, 2025",2025-11-20,"third quarter, quarter ended October 31, 2025",179500.0,0.77,6143.0,6,-6,same week
Walmart Inc.,WMT,0000104169,2025-11-14,appointment,John R. Furner,president and chief executive officer,"February 1, 2026",2025-11-20,"third quarter, quarter ended October 31, 2025",179500.0,0.77,6143.0,6,-6,same week
Walmart Inc.,WMT,0000104169,2026-01-08,appointment,Shishir Mehrotra,member of the Board,"January 8, 2026",2026-02-19,"fourth quarter, quarter ended January 31, 2026",190700.0,0.53,4237.0,42,-42,before earnings
Walmart Inc.,WMT,0000104169,2026-01-16,appointment,John Furner,President and Chief Executive Officer,"February 1, 2026",2026-02-19,"fourth quarter, quarter ended January 31, 2026",190700.0,0.53,4237.0,34,-34,before earnings
Walmart Inc.,WMT,0000104169,2026-01-16,appointment,David Guggina,"Executive Vice President, President and Chief Executive Officer","February 1, 2026",2026-02-19,"fourth quarter, quarter ended January 31, 2026",190700.0,0.53,4237.0,34,-34,before earnings
Walmart Inc.,WMT,0000104169,2026-01-16,departure,Kathryn McLay,"Executive Vice President, President and Chief Executive Officer","January 15, 2026",2026-02-19,"fourth quarter, quarter ended January 31, 2026",190700.0,0.53,4237.0,34,-34,before earnings
Walmart Inc.,WMT,0000104169,2026-01-16,appointment,Christopher Nicholas,"Executive Vice President, President and Chief Executive Officer","February 1, 2026",2026-02-19,"fourth quarter, quarter ended January 31, 2026",190700.0,0.53,4237.0,34,-34,before earnings
Walmart Inc.,WMT,0000104169,2026-01-16,appointment,Latriece Watkins,"Executive Vice President, President and Chief Executive Officer","February 1, 2026",2026-02-19,"fourth quarter, quarter ended January 31, 2026",190700.0,0.53,4237.0,34,-34,before earnings
Walmart Inc.,WMT,0000104169,2026-01-30,departure,Kathryn McLay,"Executive Vice President, President and Chief Executive Officer","April 30, 2026",2026-02-19,"fourth quarter, quarter ended January 31, 2026",190700.0,0.53,4237.0,20,-20,before earnings
